role,subtree,kind,n_requests,tokens_avg,tokens_p50,tokens_p95,tokens_min,tokens_max,pct_of_input_p50,static,distinct_serializations,duplicated,factor_source,static_factor_used,dynamic_factor_used
adjudicator,envelope.evidence_catalog,envelope_section,7,6100.706,6105.423,6113.805,6063.514,6114.948,46.17,False,36,,role_median_global_factor_no_anchor_observed,0.63499,0.63499
adjudicator,evidence_catalog.items,catalog_items,7,6051.721,6056.529,6065.673,6012.08,6066.054,45.8,True,1,,role_median_global_factor_no_anchor_observed,0.63499,0.63499
adjudicator,envelope.candidate,envelope_section,7,4485.656,4212.52,5553.49,4178.23,6108.598,31.86,False,36,,role_median_global_factor_no_anchor_observed,0.63499,0.63499
adjudicator,key_names:whole_input,key_names,7,3756.234,3639.759,4218.489,3628.329,4466.516,27.53,False,0,,role_median_global_factor_no_anchor_observed,0.63499,0.63499
adjudicator,evidence_catalog.items.p,catalog_component,7,2997.059,3000.325,3000.325,2977.465,3000.325,22.69,True,1,,role_median_global_factor_no_anchor_observed,0.63499,0.63499
adjudicator,leaf_class:labels_descriptions_prose,leaf_class,7,2936.191,2920.316,3026.868,2893.012,3071.444,22.09,False,0,,role_median_global_factor_no_anchor_observed,0.63499,0.63499
adjudicator,evidence_catalog.items.keys_punctuation,catalog_component,7,2188.99,2190.713,2191.158,2179.284,2191.348,16.57,True,1,,role_median_global_factor_no_anchor_observed,0.63499,0.63499
adjudicator,evidence_catalog.items.key_names_only,catalog_component,7,1893.357,1894.808,1894.808,1884.649,1894.808,14.33,True,1,,role_median_global_factor_no_anchor_observed,0.63499,0.63499
adjudicator,leaf_class:labels_short,leaf_class,7,1833.759,1829.404,1853.471,1817.34,1856.709,13.84,False,0,,role_median_global_factor_no_anchor_observed,0.63499,0.63499
adjudicator,leaf_class:numbers_int_float,leaf_class,7,752.825,695.948,1001.124,668.009,1130.281,5.26,False,0,,role_median_global_factor_no_anchor_observed,0.63499,0.63499
adjudicator,evidence_catalog.items.v,catalog_component,7,649.957,648.959,658.738,640.704,659.119,4.91,True,1,yes_class_a_c,role_median_global_factor_no_anchor_observed,0.63499,0.63499
adjudicator,leaf_class:ids_hashes,leaf_class,7,573.849,550.536,713.538,513.071,780.402,4.16,False,0,,role_median_global_factor_no_anchor_observed,0.63499,0.63499
adjudicator,instructions,prompt,7,491.935,492.117,492.117,490.847,492.117,3.72,False,3,,role_median_global_factor_no_anchor_observed,0.63499,0.63499
adjudicator,text.format.schema,schema,7,376.549,376.549,376.549,376.549,376.549,2.85,True,1,,role_median_global_factor_no_anchor_observed,0.63499,0.63499
adjudicator,envelope.authority_manifest,envelope_section,7,324.48,324.48,324.48,324.48,324.48,2.45,True,1,,role_median_global_factor_no_anchor_observed,0.63499,0.63499
adjudicator,instructions.volatile_tail,prompt,7,262.704,262.886,262.886,261.616,262.886,1.99,False,0,,role_median_global_factor_no_anchor_observed,0.63499,0.63499
adjudicator,envelope.critic,envelope_section,7,241.931,243.201,243.201,238.756,243.201,1.84,False,36,,role_median_global_factor_no_anchor_observed,0.63499,0.63499
adjudicator,instructions.static_head,prompt,7,229.231,229.231,229.231,229.231,229.231,1.73,True,1,,role_median_global_factor_no_anchor_observed,0.63499,0.63499
adjudicator,leaf_class:flags_booleans,leaf_class,7,133.62,132.078,138.618,129.538,140.333,1.0,False,0,,role_median_global_factor_no_anchor_observed,0.63499,0.63499
adjudicator,evidence_catalog.items.id,catalog_component,7,128.812,128.903,128.903,128.268,128.903,0.97,True,1,,role_median_global_factor_no_anchor_observed,0.63499,0.63499
adjudicator,evidence_catalog.items.c,catalog_component,7,86.903,86.994,86.994,86.359,86.994,0.66,True,1,,role_median_global_factor_no_anchor_observed,0.63499,0.63499
adjudicator,envelope.analyst,envelope_section,7,69.214,69.849,71.373,63.499,71.754,0.53,False,34,,role_median_global_factor_no_anchor_observed,0.63499,0.63499
adjudicator,envelope.validation,envelope_section,7,28.575,28.575,28.575,28.575,28.575,0.22,True,1,,role_median_global_factor_no_anchor_observed,0.63499,0.63499
adjudicator,envelope.request_identity_hash,envelope_section,7,23.495,24.13,24.765,20.955,24.765,0.18,False,36,,role_median_global_factor_no_anchor_observed,0.63499,0.63499
adjudicator,leaf_class:nulls,leaf_class,7,23.495,23.495,23.495,23.495,23.495,0.18,False,0,,role_median_global_factor_no_anchor_observed,0.63499,0.63499
adjudicator,leaf_class:timestamps,leaf_class,7,23.585,17.78,49.783,12.7,63.499,0.13,False,0,,role_median_global_factor_no_anchor_observed,0.63499,0.63499
adjudicator,envelope.request_id,envelope_section,7,15.875,15.875,16.764,15.24,17.145,0.12,False,36,,role_median_global_factor_no_anchor_observed,0.63499,0.63499
adjudicator,entry_and_invalidation.candidates[].allowed_evidence_ref_ids,allowed_ids,7,0.0,0.0,0.0,0.0,0.0,0.0,True,1,,role_median_global_factor_no_anchor_observed,0.63499,0.63499
adjudicator,key_names:candidate_array_repetition,key_names,7,0.0,0.0,0.0,0.0,0.0,0.0,False,0,,role_median_global_factor_no_anchor_observed,0.63499,0.63499
analyst,envelope.evidence_catalog,envelope_section,36,14757.168,13379.89,34517.904,4660.919,35491.163,35.06,False,36,,provider_anchored_static_prefix_median_of_17_rows,0.70747,0.53722
analyst,evidence_catalog.items,catalog_items,36,14680.168,13302.653,34439.974,4591.432,35411.492,34.86,True,1,,provider_anchored_static_prefix_median_of_17_rows,0.70747,0.53722
analyst,envelope.entry_and_invalidation,envelope_section,36,12613.599,10703.888,29298.192,3078.047,43227.099,28.05,False,36,yes_class_a_c,provider_anchored_static_prefix_median_of_17_rows,0.70747,0.53722
analyst,key_names:whole_input,key_names,36,10967.534,9767.487,25230.204,3042.584,30494.336,25.59,False,0,,provider_anchored_static_prefix_median_of_17_rows,0.70747,0.53722
analyst,leaf_class:labels_descriptions_prose,leaf_class,36,8856.392,7986.617,20533.766,2803.931,22166.477,20.93,False,0,,provider_anchored_static_prefix_median_of_17_rows,0.70747,0.53722
analyst,evidence_catalog.items.p,catalog_component,36,7551.207,6844.5,17911.282,2264.327,18429.798,17.93,True,1,,provider_anchored_static_prefix_median_of_17_rows,0.70747,0.53722
analyst,evidence_catalog.items.keys_punctuation,catalog_component,36,5029.112,4582.242,11602.513,1653.797,11936.054,12.01,True,1,,provider_anchored_static_prefix_median_of_17_rows,0.70747,0.53722
analyst,leaf_class:labels_short,leaf_class,36,4389.391,4002.038,9993.455,1459.712,10185.954,10.49,False,0,,provider_anchored_static_prefix_median_of_17_rows,0.70747,0.53722
analyst,evidence_catalog.items.key_names_only,catalog_component,36,4339.992,3956.155,10003.792,1430.0,10292.14,10.37,True,1,,provider_anchored_static_prefix_median_of_17_rows,0.70747,0.53722
analyst,instructions,prompt,36,3798.425,3798.425,3798.425,3798.425,3798.425,9.95,True,1,,provider_anchored_static_prefix_median_of_17_rows,0.70747,0.53722
analyst,instructions.static_head,prompt,36,3798.425,3798.425,3798.425,3798.425,3798.425,9.95,True,1,,provider_anchored_static_prefix_median_of_17_rows,0.70747,0.53722
analyst,envelope.historical_analogues,envelope_section,36,2941.931,2730.701,7944.576,0.958,8200.237,7.15,False,32,,provider_anchored_static_prefix_median_of_17_rows,0.70747,0.53722
analyst,text.format.schema,schema,36,2714.575,2714.575,2714.575,2714.575,2714.575,7.11,True,1,,provider_anchored_static_prefix_median_of_17_rows,0.70747,0.53722
analyst,candidate_subtree.target_choice_menu,candidate_subtree,36,2955.614,2635.882,7272.888,797.426,7464.382,6.91,False,0,,provider_anchored_static_prefix_median_of_17_rows,0.70747,0.53722
analyst,leaf_class:numbers_int_float,leaf_class,36,2201.475,1807.582,4875.047,565.003,7897.523,4.74,False,0,,provider_anchored_static_prefix_median_of_17_rows,0.70747,0.53722
analyst,leaf_class:ids_hashes,leaf_class,36,1905.432,1717.769,4578.327,275.074,5416.502,4.5,False,0,,provider_anchored_static_prefix_median_of_17_rows,0.70747,0.53722
analyst,evidence_catalog.items.v,catalog_component,36,1557.684,1405.911,3589.188,510.372,3670.474,3.68,True,1,yes_class_a_c,provider_anchored_static_prefix_median_of_17_rows,0.70747,0.53722
analyst,candidate_subtree.family_profile,candidate_subtree,36,1493.146,1336.072,3692.838,395.838,3734.435,3.5,False,0,,provider_anchored_static_prefix_median_of_17_rows,0.70747,0.53722
analyst,candidate_subtree.bucket_prior,candidate_subtree,36,2188.222,1307.809,6202.19,392.963,17206.68,3.43,False,0,,provider_anchored_static_prefix_median_of_17_rows,0.70747,0.53722
analyst,key_names:candidate_array_repetition,key_names,36,1202.488,1085.687,2938.575,322.996,3025.252,2.84,False,0,,provider_anchored_static_prefix_median_of_17_rows,0.70747,0.53722
analyst,candidate_subtree.shadow_historical_evidence,candidate_subtree,36,903.437,808.251,2149.432,237.694,2212.833,2.12,False,0,,provider_anchored_static_prefix_median_of_17_rows,0.70747,0.53722
analyst,candidate_subtree.family_requirement_contract,candidate_subtree,36,834.0,747.767,2049.166,215.65,2100.62,1.96,False,0,,provider_anchored_static_prefix_median_of_17_rows,0.70747,0.53722
analyst,entry_and_invalidation.candidates[].allowed_evidence_ref_ids,allowed_ids,36,744.062,655.601,1880.888,195.044,1935.106,1.72,True,1,,provider_anchored_static_prefix_median_of_17_rows,0.70747,0.53722
analyst,envelope.provider_decision_context,envelope_section,36,642.381,643.592,658.24,574.109,672.153,1.69,True,1,,provider_anchored_static_prefix_median_of_17_rows,0.70747,0.53722
analyst,candidate_subtree.retrieved_analogue_ids,candidate_subtree,36,447.964,425.48,1158.496,0.958,1184.655,1.11,False,0,,provider_anchored_static_prefix_median_of_17_rows,0.70747,0.53722
analyst,candidate_subtree.target_semantics,candidate_subtree,36,382.108,343.389,930.58,106.387,960.54,0.9,False,0,,provider_anchored_static_prefix_median_of_17_rows,0.70747,0.53722
analyst,envelope.identity,envelope_section,36,355.687,326.817,705.899,170.124,720.405,0.86,False,36,,provider_anchored_static_prefix_median_of_17_rows,0.70747,0.53722
analyst,leaf_class:flags_booleans,leaf_class,36,366.497,322.85,861.265,121.723,886.48,0.85,False,0,,provider_anchored_static_prefix_median_of_17_rows,0.70747,0.53722
analyst,candidate_subtree.authoritative_numbers,candidate_subtree,36,359.895,320.217,885.607,97.761,906.678,0.84,False,0,,provider_anchored_static_prefix_median_of_17_rows,0.70747,0.53722
analyst,envelope.authority_manifest,envelope_section,36,274.004,274.521,280.768,244.883,286.703,0.72,True,1,,provider_anchored_static_prefix_median_of_17_rows,0.70747,0.53722
analyst,envelope.sequence,envelope_section,36,264.285,263.825,273.599,246.32,277.207,0.69,False,34,yes_class_a_c,provider_anchored_static_prefix_median_of_17_rows,0.70747,0.53722
analyst,evidence_catalog.items.id,catalog_component,36,297.459,256.119,738.73,97.282,759.679,0.67,True,1,,provider_anchored_static_prefix_median_of_17_rows,0.70747,0.53722
analyst,candidate_subtree.family_event_evidence,candidate_subtree,36,286.194,249.808,697.584,76.676,718.161,0.65,False,0,,provider_anchored_static_prefix_median_of_17_rows,0.70747,0.53722
analyst,evidence_catalog.items.c,catalog_component,36,244.707,220.681,598.26,65.653,615.486,0.58,True,1,,provider_anchored_static_prefix_median_of_17_rows,0.70747,0.53722
analyst,envelope.market_regime,envelope_section,36,69.573,69.825,71.699,62.299,72.938,0.18,False,36,yes_class_a_c,provider_anchored_static_prefix_median_of_17_rows,0.70747,0.53722
analyst,leaf_class:timestamps,leaf_class,36,91.674,67.153,172.936,27.795,487.003,0.18,False,0,,provider_anchored_static_prefix_median_of_17_rows,0.70747,0.53722
analyst,candidate_subtree.candidate_evidence_hash,candidate_subtree,36,66.242,57.911,165.905,17.728,168.3,0.15,False,0,,provider_anchored_static_prefix_median_of_17_rows,0.70747,0.53722
analyst,leaf_class:nulls,leaf_class,36,73.732,52.761,202.544,14.505,204.91,0.14,False,0,,provider_anchored_static_prefix_median_of_17_rows,0.70747,0.53722
analyst,envelope.setup_taxonomy,envelope_section,36,49.227,46.918,76.014,32.587,77.988,0.12,False,24,yes_class_a_c,provider_anchored_static_prefix_median_of_17_rows,0.70747,0.53722
analyst,envelope.instrument,envelope_section,36,40.305,40.292,41.829,35.942,42.447,0.11,False,19,yes_class_a_c,provider_anchored_static_prefix_median_of_17_rows,0.70747,0.53722
analyst,candidate_subtree.setup_class,candidate_subtree,36,37.821,33.829,91.558,10.207,94.259,0.09,False,0,,provider_anchored_static_prefix_median_of_17_rows,0.70747,0.53722
analyst,envelope.execution_costs,envelope_section,36,32.173,32.233,32.967,28.753,33.664,0.08,True,1,,provider_anchored_static_prefix_median_of_17_rows,0.70747,0.53722
analyst,envelope.runtime,envelope_section,36,30.496,30.084,32.699,26.836,33.664,0.08,False,36,,provider_anchored_static_prefix_median_of_17_rows,0.70747,0.53722
analyst,envelope.validation,envelope_section,36,24.13,24.175,24.725,21.565,25.248,0.06,True,1,,provider_anchored_static_prefix_median_of_17_rows,0.70747,0.53722
analyst,candidate_subtree.final_setup_class,candidate_subtree,36,25.944,23.673,65.399,6.23,67.328,0.06,False,0,,provider_anchored_static_prefix_median_of_17_rows,0.70747,0.53722
analyst,candidate_subtree.family_profile_version,candidate_subtree,36,24.977,22.551,61.039,6.709,62.839,0.06,False,0,,provider_anchored_static_prefix_median_of_17_rows,0.70747,0.53722
analyst,candidate_subtree.setup_taxonomy_version,candidate_subtree,36,24.977,22.551,61.039,6.709,62.839,0.06,False,0,,provider_anchored_static_prefix_median_of_17_rows,0.70747,0.53722
analyst,candidate_subtree.taxonomy_mapping_source,candidate_subtree,36,24.977,22.551,61.039,6.709,62.839,0.06,False,0,,provider_anchored_static_prefix_median_of_17_rows,0.70747,0.53722
analyst,envelope.targets_and_obstacles,envelope_section,36,20.376,20.414,20.879,18.21,21.32,0.05,True,1,,provider_anchored_static_prefix_median_of_17_rows,0.70747,0.53722
analyst,envelope.input_fingerprint,envelope_section,36,20.174,19.877,22.692,15.579,23.638,0.05,False,36,,provider_anchored_static_prefix_median_of_17_rows,0.70747,0.53722
analyst,candidate_subtree.po3_state_reason,candidate_subtree,36,21.409,19.33,52.319,5.751,53.862,0.05,False,0,,provider_anchored_static_prefix_median_of_17_rows,0.70747,0.53722
analyst,envelope.liquidity,envelope_section,36,19.15,19.091,20.4,18.082,20.484,0.05,False,31,yes_class_a_c,provider_anchored_static_prefix_median_of_17_rows,0.70747,0.53722
analyst,candidate_subtree.asset_class_source,candidate_subtree,36,19.625,17.719,47.959,5.271,49.374,0.05,False,0,,provider_anchored_static_prefix_median_of_17_rows,0.70747,0.53722
analyst,candidate_subtree.obstacle_kind,candidate_subtree,36,19.818,17.692,49.052,3.223,58.351,0.05,False,0,,provider_anchored_static_prefix_median_of_17_rows,0.70747,0.53722
analyst,candidate_subtree.po3_state,candidate_subtree,36,18.584,16.116,43.599,5.372,44.885,0.04,False,0,,provider_anchored_static_prefix_median_of_17_rows,0.70747,0.53722
analyst,candidate_subtree.family_scope,candidate_subtree,36,17.841,16.108,43.599,4.792,44.885,0.04,False,0,,provider_anchored_static_prefix_median_of_17_rows,0.70747,0.53722
analyst,candidate_subtree.setup_family,candidate_subtree,36,18.06,16.108,43.599,5.372,44.885,0.04,False,0,,provider_anchored_static_prefix_median_of_17_rows,0.70747,0.53722
analyst,candidate_subtree.setup_taxonomy_enum,candidate_subtree,36,17.93,16.108,43.599,4.792,44.885,0.04,False,0,,provider_anchored_static_prefix_median_of_17_rows,0.70747,0.53722
analyst,candidate_subtree.follow_through_absence_classification,candidate_subtree,36,17.535,14.505,39.503,4.313,52.457,0.04,False,0,,provider_anchored_static_prefix_median_of_17_rows,0.70747,0.53722
analyst,candidate_subtree.htf_bos_absence_classification,candidate_subtree,36,20.295,14.505,52.319,4.313,53.862,0.04,False,0,,provider_anchored_static_prefix_median_of_17_rows,0.70747,0.53722
analyst,candidate_subtree.configured_stop_model,candidate_subtree,36,14.273,12.886,34.879,3.834,35.908,0.03,False,0,,provider_anchored_static_prefix_median_of_17_rows,0.70747,0.53722
analyst,candidate_subtree.stop_model,candidate_subtree,36,14.273,12.886,34.879,3.834,35.908,0.03,False,0,,provider_anchored_static_prefix_median_of_17_rows,0.70747,0.53722
analyst,envelope.risk,envelope_section,36,12.333,12.356,12.637,11.022,12.904,0.03,True,1,yes_class_a_c,provider_anchored_static_prefix_median_of_17_rows,0.70747,0.53722
analyst,candidate_subtree.po3_scope,candidate_subtree,36,12.489,11.276,30.519,3.355,31.42,0.03,False,0,,provider_anchored_static_prefix_median_of_17_rows,0.70747,0.53722
analyst,candidate_subtree.entry_branch,candidate_subtree,36,12.043,11.259,30.519,2.396,31.42,0.03,False,0,,provider_anchored_static_prefix_median_of_17_rows,0.70747,0.53722
analyst,candidate_subtree.entry_model,candidate_subtree,36,12.265,11.259,30.519,2.686,31.42,0.03,False,0,,provider_anchored_static_prefix_median_of_17_rows,0.70747,0.53722
analyst,candidate_subtree.fvg_execution_class,candidate_subtree,36,11.286,9.67,26.159,2.875,26.931,0.03,False,0,,provider_anchored_static_prefix_median_of_17_rows,0.70747,0.53722
analyst,candidate_subtree.historical_evidence_state,candidate_subtree,36,9.14,8.058,21.8,2.686,22.443,0.02,False,0,,provider_anchored_static_prefix_median_of_17_rows,0.70747,0.53722
analyst,envelope.evidence_envelope_version,envelope_section,36,7.507,7.521,7.692,6.709,7.855,0.02,True,1,,provider_anchored_static_prefix_median_of_17_rows,0.70747,0.53722
analyst,candidate_subtree.structure_type,candidate_subtree,36,10.151,6.907,17.785,2.149,30.492,0.02,False,0,,provider_anchored_static_prefix_median_of_17_rows,0.70747,0.53722
analyst,candidate_subtree.fvg_mitigation_state,candidate_subtree,36,7.718,6.447,17.44,1.917,17.954,0.02,False,0,,provider_anchored_static_prefix_median_of_17_rows,0.70747,0.53722
analyst,candidate_subtree.fvg_context_type,candidate_subtree,36,7.9,6.446,18.911,2.149,21.857,0.02,False,0,,provider_anchored_static_prefix_median_of_17_rows,0.70747,0.53722
analyst,candidate_subtree.fvg_score,candidate_subtree,36,6.971,6.443,17.44,1.917,17.954,0.02,False,0,,provider_anchored_static_prefix_median_of_17_rows,0.70747,0.53722
analyst,candidate_subtree.source_t_disp,candidate_subtree,36,7.136,6.443,17.44,1.917,17.954,0.02,False,0,,provider_anchored_static_prefix_median_of_17_rows,0.70747,0.53722
analyst,candidate_subtree.retest_quality_score,candidate_subtree,36,7.019,6.434,17.44,1.917,17.954,0.02,False,0,,provider_anchored_static_prefix_median_of_17_rows,0.70747,0.53722
analyst,candidate_subtree.fvg_mid,candidate_subtree,36,7.017,6.431,17.44,1.917,17.954,0.02,False,0,,provider_anchored_static_prefix_median_of_17_rows,0.70747,0.53722
analyst,candidate_subtree.source_t_sweep,candidate_subtree,36,6.734,6.313,17.44,1.606,17.954,0.02,False,0,,provider_anchored_static_prefix_median_of_17_rows,0.70747,0.53722
analyst,candidate_subtree.volatility_profile,candidate_subtree,36,7.027,5.535,17.44,1.612,17.954,0.01,False,0,,provider_anchored_static_prefix_median_of_17_rows,0.70747,0.53722
analyst,candidate_subtree.session_name,candidate_subtree,36,6.922,5.054,14.133,1.612,22.443,0.01,False,0,,provider_anchored_static_prefix_median_of_17_rows,0.70747,0.53722
analyst,candidate_subtree.displacement_candle_score,candidate_subtree,36,6.745,4.843,17.388,1.612,17.486,0.01,False,0,,provider_anchored_static_prefix_median_of_17_rows,0.70747,0.53722
analyst,candidate_subtree.asset_class,candidate_subtree,36,5.986,4.835,13.08,1.438,17.954,0.01,False,0,,provider_anchored_static_prefix_median_of_17_rows,0.70747,0.53722
analyst,candidate_subtree.cleanliness_score,candidate_subtree,36,6.015,4.835,17.265,1.612,17.954,0.01,False,0,,provider_anchored_static_prefix_median_of_17_rows,0.70747,0.53722
analyst,candidate_subtree.fvg_lower,candidate_subtree,36,6.825,4.835,17.44,1.917,17.954,0.01,False,0,,provider_anchored_static_prefix_median_of_17_rows,0.70747,0.53722
analyst,candidate_subtree.fvg_upper,candidate_subtree,36,6.825,4.835,17.44,1.917,17.954,0.01,False,0,,provider_anchored_static_prefix_median_of_17_rows,0.70747,0.53722
analyst,candidate_subtree.origin_score,candidate_subtree,36,6.688,4.835,17.388,1.917,17.954,0.01,False,0,,provider_anchored_static_prefix_median_of_17_rows,0.70747,0.53722
analyst,candidate_subtree.rule_score,candidate_subtree,36,6.463,4.835,17.388,1.612,17.486,0.01,False,0,,provider_anchored_static_prefix_median_of_17_rows,0.70747,0.53722
analyst,candidate_subtree.stop_quality_score,candidate_subtree,36,5.637,4.835,13.9,1.438,15.204,0.01,False,0,,provider_anchored_static_prefix_median_of_17_rows,0.70747,0.53722
analyst,candidate_subtree.continuation_score,candidate_subtree,36,5.352,4.832,13.08,1.438,13.466,0.01,False,0,,provider_anchored_static_prefix_median_of_17_rows,0.70747,0.53722
analyst,candidate_subtree.freshness_score,candidate_subtree,36,5.352,4.832,13.08,1.438,13.466,0.01,False,0,,provider_anchored_static_prefix_median_of_17_rows,0.70747,0.53722
analyst,candidate_subtree.fvg_invalidation_reason,candidate_subtree,36,5.352,4.832,13.08,1.438,13.466,0.01,False,0,,provider_anchored_static_prefix_median_of_17_rows,0.70747,0.53722
analyst,candidate_subtree.killzone_code,candidate_subtree,36,5.352,4.832,13.08,1.438,13.466,0.01,False,0,,provider_anchored_static_prefix_median_of_17_rows,0.70747,0.53722
analyst,candidate_subtree.model_code,candidate_subtree,36,5.352,4.832,13.08,1.438,13.466,0.01,False,0,,provider_anchored_static_prefix_median_of_17_rows,0.70747,0.53722
analyst,candidate_subtree.opposing_obstruction_score,candidate_subtree,36,5.352,4.832,13.08,1.438,13.466,0.01,False,0,,provider_anchored_static_prefix_median_of_17_rows,0.70747,0.53722
analyst,candidate_subtree.reversal_score,candidate_subtree,36,5.352,4.832,13.08,1.438,13.466,0.01,False,0,,provider_anchored_static_prefix_median_of_17_rows,0.70747,0.53722
analyst,candidate_subtree.session_code,candidate_subtree,36,5.352,4.832,13.08,1.438,13.466,0.01,False,0,,provider_anchored_static_prefix_median_of_17_rows,0.70747,0.53722
analyst,candidate_subtree.setup_code,candidate_subtree,36,5.352,4.832,13.08,1.438,13.466,0.01,False,0,,provider_anchored_static_prefix_median_of_17_rows,0.70747,0.53722
analyst,candidate_subtree.source_context_tier,candidate_subtree,36,5.352,4.832,13.08,1.438,13.466,0.01,False,0,,provider_anchored_static_prefix_median_of_17_rows,0.70747,0.53722
analyst,candidate_subtree.source_t_bos,candidate_subtree,36,6.022,4.298,17.44,0.479,17.954,0.01,False,0,,provider_anchored_static_prefix_median_of_17_rows,0.70747,0.53722
analyst,candidate_subtree.follow_through_required,candidate_subtree,36,3.568,3.222,8.72,0.958,8.977,0.01,False,0,,provider_anchored_static_prefix_median_of_17_rows,0.70747,0.53722
analyst,candidate_subtree.full_po3_sequence_required,candidate_subtree,36,3.568,3.222,8.72,0.958,8.977,0.01,False,0,,provider_anchored_static_prefix_median_of_17_rows,0.70747,0.53722
analyst,candidate_subtree.fvg_entry_invalid,candidate_subtree,36,3.568,3.222,8.72,0.958,8.977,0.01,False,0,,provider_anchored_static_prefix_median_of_17_rows,0.70747,0.53722
analyst,candidate_subtree.fvg_fully_filled,candidate_subtree,36,3.568,3.222,8.72,0.958,8.977,0.01,False,0,,provider_anchored_static_prefix_median_of_17_rows,0.70747,0.53722
analyst,candidate_subtree.fvg_invalidated,candidate_subtree,36,3.568,3.222,8.72,0.958,8.977,0.01,False,0,,provider_anchored_static_prefix_median_of_17_rows,0.70747,0.53722
analyst,candidate_subtree.fvg_structure_invalidated,candidate_subtree,36,3.568,3.222,8.72,0.958,8.977,0.01,False,0,,provider_anchored_static_prefix_median_of_17_rows,0.70747,0.53722
analyst,candidate_subtree.htf_bos_required,candidate_subtree,36,3.568,3.222,8.72,0.958,8.977,0.01,False,0,,provider_anchored_static_prefix_median_of_17_rows,0.70747,0.53722
analyst,candidate_subtree.fvg_mid_mitigated,candidate_subtree,36,3.374,3.155,8.72,0.958,8.977,0.01,False,0,,provider_anchored_static_prefix_median_of_17_rows,0.70747,0.53722
analyst,candidate_subtree.follow_through_observed,candidate_subtree,36,3.075,2.149,8.694,0.537,8.977,0.01,False,0,,provider_anchored_static_prefix_median_of_17_rows,0.70747,0.53722
analyst,candidate_subtree.fvg_reversal,candidate_subtree,36,2.548,2.091,5.544,0.537,8.743,0.01,False,0,,provider_anchored_static_prefix_median_of_17_rows,0.70747,0.53722
analyst,candidate_subtree.fvg_continuation,candidate_subtree,36,2.805,1.906,8.687,0.479,8.977,0.0,False,0,,provider_anchored_static_prefix_median_of_17_rows,0.70747,0.53722
analyst,candidate_subtree.fvg_touched,candidate_subtree,36,2.988,1.618,8.72,0.537,8.977,0.0,False,0,,provider_anchored_static_prefix_median_of_17_rows,0.70747,0.53722
analyst,candidate_subtree.htf_bos_observed,candidate_subtree,36,2.156,1.612,4.36,0.537,4.489,0.0,False,0,,provider_anchored_static_prefix_median_of_17_rows,0.70747,0.53722
analyst,candidate_subtree.candidate_index,candidate_subtree,36,1.784,1.611,4.36,0.479,4.489,0.0,False,0,,provider_anchored_static_prefix_median_of_17_rows,0.70747,0.53722
analyst,candidate_subtree.liquidity_target_blocked_by_obstacle,candidate_subtree,36,1.784,1.611,4.36,0.479,4.489,0.0,False,0,,provider_anchored_static_prefix_median_of_17_rows,0.70747,0.53722
analyst,candidate_subtree.liquidity_target_valid_structurally,candidate_subtree,36,1.784,1.611,4.36,0.479,4.489,0.0,False,0,,provider_anchored_static_prefix_median_of_17_rows,0.70747,0.53722
analyst,candidate_subtree.po3_state_id,candidate_subtree,36,1.784,1.611,4.36,0.479,4.489,0.0,False,0,,provider_anchored_static_prefix_median_of_17_rows,0.70747,0.53722
analyst,candidate_subtree.target_arbitration_required,candidate_subtree,36,1.784,1.611,4.36,0.479,4.489,0.0,False,0,,provider_anchored_static_prefix_median_of_17_rows,0.70747,0.53722
analyst,envelope.correlations,envelope_section,36,1.072,1.074,1.099,0.958,1.122,0.0,True,1,,provider_anchored_static_prefix_median_of_17_rows,0.70747,0.53722
analyst,envelope.htf_context,envelope_section,36,1.072,1.074,1.099,0.958,1.122,0.0,True,1,,provider_anchored_static_prefix_median_of_17_rows,0.70747,0.53722
analyst,envelope.ltf_execution,envelope_section,36,1.072,1.074,1.099,0.958,1.122,0.0,True,1,,provider_anchored_static_prefix_median_of_17_rows,0.70747,0.53722
analyst,instructions.volatile_tail,prompt,36,0.0,0.0,0.0,0.0,0.0,0.0,False,0,,provider_anchored_static_prefix_median_of_17_rows,0.70747,0.53722
critic,envelope.evidence_catalog,envelope_section,36,5416.807,5421.334,5464.04,5265.739,5474.176,33.53,False,36,,provider_anchored_static_prefix_median_of_4_rows,1.03774,0.56215
critic,evidence_catalog.items,catalog_items,36,5373.203,5378.33,5420.688,5222.487,5430.329,33.27,True,1,,provider_anchored_static_prefix_median_of_4_rows,1.03774,0.56215
critic,key_names:whole_input,key_names,36,4867.043,4750.053,7209.801,3366.129,7269.67,29.38,False,0,,provider_anchored_static_prefix_median_of_4_rows,1.03774,0.56215
critic,envelope.candidate,envelope_section,36,3918.735,3748.388,5443.118,3604.113,5491.04,23.18,False,36,,provider_anchored_static_prefix_median_of_4_rows,1.03774,0.56215
critic,envelope.historical_analogues,envelope_section,36,3061.252,2857.387,8284.624,1.124,8436.123,17.67,False,32,,provider_anchored_static_prefix_median_of_4_rows,1.03774,0.56215
critic,evidence_catalog.items.p,catalog_component,36,2655.617,2656.139,2680.733,2586.881,2681.998,16.43,True,1,,provider_anchored_static_prefix_median_of_4_rows,1.03774,0.56215
critic,leaf_class:labels_descriptions_prose,leaf_class,36,2607.857,2594.303,2736.666,2523.372,2760.136,16.05,False,0,,provider_anchored_static_prefix_median_of_4_rows,1.03774,0.56215
critic,leaf_class:labels_short,leaf_class,36,2013.272,1974.785,2687.619,1633.596,2724.721,12.21,False,0,,provider_anchored_static_prefix_median_of_4_rows,1.03774,0.56215
critic,evidence_catalog.items.keys_punctuation,catalog_component,36,1937.816,1939.403,1950.084,1888.286,1950.811,12.0,True,1,,provider_anchored_static_prefix_median_of_4_rows,1.03774,0.56215
critic,evidence_catalog.items.key_names_only,catalog_component,36,1676.502,1677.443,1686.437,1633.704,1687.31,10.38,True,1,,provider_anchored_static_prefix_median_of_4_rows,1.03774,0.56215
critic,leaf_class:ids_hashes,leaf_class,36,1216.139,1169.544,2604.422,238.912,2689.306,7.23,False,0,,provider_anchored_static_prefix_median_of_4_rows,1.03774,0.56215
critic,leaf_class:numbers_int_float,leaf_class,36,1018.933,968.015,1324.556,772.388,1496.994,5.99,False,0,,provider_anchored_static_prefix_median_of_4_rows,1.03774,0.56215
critic,instructions,prompt,36,880.0,880.0,882.075,877.925,882.075,5.44,False,3,,provider_anchored_static_prefix_median_of_4_rows,1.03774,0.56215
critic,text.format.schema,schema,36,814.623,814.623,814.623,814.623,814.623,5.04,True,1,,provider_anchored_static_prefix_median_of_4_rows,1.03774,0.56215
critic,evidence_catalog.items.v,catalog_component,36,588.748,587.723,610.35,561.175,615.55,3.64,True,1,yes_class_a_c,provider_anchored_static_prefix_median_of_4_rows,1.03774,0.56215
critic,instructions.static_head,prompt,36,450.377,450.377,450.377,450.377,450.377,2.79,True,1,,provider_anchored_static_prefix_median_of_4_rows,1.03774,0.56215
critic,envelope.authority_manifest,envelope_section,36,287.095,287.257,287.259,279.766,288.946,1.78,True,1,,provider_anchored_static_prefix_median_of_4_rows,1.03774,0.56215
critic,envelope.sequence,envelope_section,36,276.953,275.17,288.1,267.174,290.067,1.7,False,34,yes_class_a_c,provider_anchored_static_prefix_median_of_4_rows,1.03774,0.56215
critic,instructions.volatile_tail,prompt,36,232.598,232.728,233.853,226.66,234.097,1.44,False,0,,provider_anchored_static_prefix_median_of_4_rows,1.03774,0.56215
critic,envelope.allowed_evidence_ref_ids,envelope_section,36,228.665,228.793,229.918,222.828,230.139,1.42,False,3,,provider_anchored_static_prefix_median_of_4_rows,1.03774,0.56215
critic,leaf_class:flags_booleans,leaf_class,36,147.018,141.942,174.968,126.483,190.005,0.88,False,0,,provider_anchored_static_prefix_median_of_4_rows,1.03774,0.56215
critic,evidence_catalog.items.id,catalog_component,36,114.052,114.116,114.678,111.14,114.787,0.71,True,1,,provider_anchored_static_prefix_median_of_4_rows,1.03774,0.56215
critic,evidence_catalog.items.c,catalog_component,36,76.971,77.014,77.576,75.006,77.576,0.48,True,1,,provider_anchored_static_prefix_median_of_4_rows,1.03774,0.56215
critic,envelope.market_regime,envelope_section,36,72.897,73.079,73.641,71.173,73.641,0.45,False,36,yes_class_a_c,provider_anchored_static_prefix_median_of_4_rows,1.03774,0.56215
critic,leaf_class:nulls,leaf_class,36,40.138,37.944,83.76,9.556,84.322,0.23,False,0,,provider_anchored_static_prefix_median_of_4_rows,1.03774,0.56215
critic,envelope.validation,envelope_section,36,25.282,25.297,25.297,24.637,25.445,0.16,True,1,,provider_anchored_static_prefix_median_of_4_rows,1.03774,0.56215
critic,leaf_class:timestamps,leaf_class,36,28.03,24.734,65.209,13.491,65.209,0.15,False,0,,provider_anchored_static_prefix_median_of_4_rows,1.03774,0.56215
critic,envelope.targets_and_obstacles,envelope_section,36,21.35,21.362,21.362,20.805,21.487,0.13,True,1,,provider_anchored_static_prefix_median_of_4_rows,1.03774,0.56215
critic,envelope.request_identity_hash,envelope_section,36,21.097,20.8,23.73,17.989,24.172,0.13,False,36,,provider_anchored_static_prefix_median_of_4_rows,1.03774,0.56215
critic,envelope.liquidity,envelope_section,36,20.07,20.014,21.362,19.113,21.362,0.12,False,31,yes_class_a_c,provider_anchored_static_prefix_median_of_4_rows,1.03774,0.56215
critic,envelope.request_id,envelope_section,36,13.624,13.491,14.054,12.929,15.178,0.08,False,36,,provider_anchored_static_prefix_median_of_4_rows,1.03774,0.56215
critic,envelope.correlations,envelope_section,36,1.124,1.124,1.124,1.095,1.131,0.01,True,1,,provider_anchored_static_prefix_median_of_4_rows,1.03774,0.56215
critic,entry_and_invalidation.candidates[].allowed_evidence_ref_ids,allowed_ids,36,0.0,0.0,0.0,0.0,0.0,0.0,True,1,,provider_anchored_static_prefix_median_of_4_rows,1.03774,0.56215
critic,key_names:candidate_array_repetition,key_names,36,0.0,0.0,0.0,0.0,0.0,0.0,False,0,,provider_anchored_static_prefix_median_of_4_rows,1.03774,0.56215
